lemma_id,params,atoms,weights,kind
markov,"{""t"": ""2""}",0;2,1/2;1/2,exact
markov,"{""t"": ""3""}",0;3,2/3;1/3,exact
markov,"{""t"": ""5""}",0;5,4/5;1/5,exact
markov,"{""t"": ""10""}",0;10,9/10;1/10,exact
cantelli,"{""sigma2"": ""1"", ""t"": ""1/2""}",1/2;-2,4/5;1/5,exact
cantelli,"{""sigma2"": ""1"", ""t"": ""1""}",1;-1,1/2;1/2,exact
cantelli,"{""sigma2"": ""1"", ""t"": ""2""}",2;-1/2,1/5;4/5,exact
cantelli,"{""sigma2"": ""1"", ""t"": ""4""}",4;-1/4,1/17;16/17,exact
paley_zygmund,"{""m2"": ""2"", ""theta"": ""1/4""}","{""event"": [0.36, 0.84, 1.96], ""offevent"": [0.64, 0.16, 0.04]}",,split-moments
paley_zygmund,"{""m2"": ""2"", ""theta"": ""1/2""}","{""event"": [0.2, 0.6, 1.8], ""offevent"": [0.8, 0.4, 0.2]}",,split-moments
paley_zygmund,"{""m2"": ""2"", ""theta"": ""3/4""}","{""event"": [0.058823529, 0.294117647, 1.470588235], ""offevent"": [0.941176471, 0.705882353, 0.529411765]}",,split-moments
paley_zygmund,"{""m2"": ""3"", ""theta"": ""1/4""}","{""event"": [0.219512195, 0.804878049, 2.951219512], ""offevent"": [0.780487805, 0.195121951, 0.048780488]}",,split-moments
paley_zygmund,"{""m2"": ""3"", ""theta"": ""1/2""}","{""event"": [0.111111111, 0.555555556, 2.777777778], ""offevent"": [0.888888889, 0.444444444, 0.222222222]}",,split-moments
paley_zygmund,"{""m2"": ""3"", ""theta"": ""3/4""}","{""event"": [0.03030303, 0.272727273, 2.454545455], ""offevent"": [0.96969697, 0.727272727, 0.545454545]}",,split-moments
three_moment_tail,"{""m2"": ""2"", ""m3"": ""9/2"", ""t"": ""2""}","{""event"": [0.5, 1.0, 2.0, 4.309000746], ""support"": [0.5, -0.0, 0.0, 0.190999254]}",,split-moments
three_moment_tail,"{""m2"": ""2"", ""m3"": ""9/2"", ""t"": ""3""}","{""event"": [0.111111111, 0.333333333, 1.0, 3.0], ""support"": [0.888888889, 0.666666667, 1.0, 1.5]}",,split-moments
three_moment_tail,"{""m2"": ""2"", ""m3"": ""9/2"", ""t"": ""5""}","{""event"": [0.010526316, 0.052631579, 0.263157895, 1.315789473], ""support"": [0.989473684, 0.947368421, 1.736842105, 3.184210527]}",,split-moments
three_moment_tail,"{""m2"": ""2"", ""m3"": ""6"", ""t"": ""2""}","{""event"": [0.5, 1.0, 2.0, 5.563752777], ""support"": [0.5, 0.0, 0.0, 0.436247223]}",,split-moments
three_moment_tail,"{""m2"": ""2"", ""m3"": ""6"", ""t"": ""3""}","{""event"": [0.2, 0.6, 1.8, 5.689420912], ""support"": [0.8, 0.4, 0.2, 0.310579088]}",,split-moments
three_moment_tail,"{""m2"": ""2"", ""m3"": ""6"", ""t"": ""5""}","{""event"": [0.036363636, 0.181818182, 0.909090909, 4.545454545], ""support"": [0.963636364, 0.818181818, 1.090909091, 1.454545455]}",,split-moments
three_moment_tail,"{""m2"": ""2"", ""m3"": ""10"", ""t"": ""2""}","{""event"": [0.5, 1.0, 2.0, 8.880146757], ""support"": [0.5, -0.0, 0.0, 1.119853243]}",,split-moments
three_moment_tail,"{""m2"": ""2"", ""m3"": ""10"", ""t"": ""3""}","{""event"": [0.2, 0.6, 1.8, 8.840889641], ""support"": [0.8, 0.4, 0.2, 1.159110359]}",,split-moments
three_moment_tail,"{""m2"": ""2"", ""m3"": ""10"", ""t"": ""5""}","{""event"": [0.058823529, 0.294117647, 1.470588235, 8.939057598], ""support"": [0.941176471, 0.705882353, 0.529411765, 1.060942402]}",,split-moments
kurtosis_tail,"{""kappa"": ""5/4"", ""t"": ""1/2""}",-1/4 + sqrt(17)/4;-sqrt(17)/4 - 1/4,sqrt(17)/34 + 1/2;1/2 - sqrt(17)/34,exact
kurtosis_tail,"{""kappa"": ""5/4"", ""t"": ""4/5""}",4/5;-5/4,25/41;16/41,exact
kurtosis_tail,"{""kappa"": ""5/4"", ""t"": ""1""}",1;-1,1/2;1/2,exact
kurtosis_tail,"{""kappa"": ""5/4"", ""t"": ""6/5""}",6/5;-5/6,25/61;36/61,exact
kurtosis_tail,"{""kappa"": ""5/4"", ""t"": ""3/2""}",3/2;2*sqrt(5)/5;-2*sqrt(5)/5,4/29;25/58 - 3*sqrt(5)/58;3*sqrt(5)/58 + 25/58,exact
kurtosis_tail,"{""kappa"": ""5/4"", ""t"": ""2""}",2;sqrt(33)/6;-sqrt(33)/6,1/37;18/37 - 2*sqrt(33)/407;2*sqrt(33)/407 + 18/37,exact
kurtosis_tail,"{""kappa"": ""5/4"", ""t"": ""3""}",3;sqrt(62)/8;-sqrt(62)/8,1/257;128/257 - 6*sqrt(62)/7967;6*sqrt(62)/7967 + 128/257,exact
kurtosis_tail,"{""kappa"": ""5/4"", ""t"": ""4""}",4;sqrt(885)/30;-sqrt(885)/30,1/901;450/901 - 4*sqrt(885)/53159;4*sqrt(885)/53159 + 450/901,exact
kurtosis_tail,"{""kappa"": ""3/2"", ""t"": ""1/2""}","{""event"": [0.667242152, 0.467976621, 0.341857394, 0.257532784, 0.198297601], ""support"": [0.332757848, -0.467976621, 0.658142606, -0.925584036, 1.301702399]}",,split-moments
kurtosis_tail,"{""kappa"": ""3/2"", ""t"": ""4/5""}",4/5;-5/4,25/41;16/41,exact
kurtosis_tail,"{""kappa"": ""3/2"", ""t"": ""1""}",1;-1,1/2;1/2,exact
kurtosis_tail,"{""kappa"": ""3/2"", ""t"": ""6/5""}",6/5;-5/6,25/61;36/61,exact
kurtosis_tail,"{""kappa"": ""3/2"", ""t"": ""3/2""}",3/2;sqrt(15)/5;-sqrt(15)/5,8/33;25/66 - 2*sqrt(15)/33;2*sqrt(15)/33 + 25/66,exact
kurtosis_tail,"{""kappa"": ""3/2"", ""t"": ""2""}",2;sqrt(30)/6;-sqrt(30)/6,1/19;9/19 - sqrt(30)/95;sqrt(30)/95 + 9/19,exact
kurtosis_tail,"{""kappa"": ""3/2"", ""t"": ""3""}",3;sqrt(15)/4;-sqrt(15)/4,1/129;64/129 - 2*sqrt(15)/645;2*sqrt(15)/645 + 64/129,exact
kurtosis_tail,"{""kappa"": ""3/2"", ""t"": ""4""}",4;sqrt(870)/30;-sqrt(870)/30,1/451;225/451 - 2*sqrt(870)/13079;2*sqrt(870)/13079 + 225/451,exact
kurtosis_tail,"{""kappa"": ""2"", ""t"": ""1/2""}","{""event"": [0.726255879, 0.439919519, 0.293028899, 0.216041593, 0.174177641], ""support"": [0.273744121, -0.439919519, 0.706971101, -1.136135399, 1.825822359]}",,split-moments
kurtosis_tail,"{""kappa"": ""2"", ""t"": ""4/5""}",4/5;-5/4,25/41;16/41,exact
kurtosis_tail,"{""kappa"": ""2"", ""t"": ""1""}",1;-1,1/2;1/2,exact
kurtosis_tail,"{""kappa"": ""2"", ""t"": ""6/5""}",6/5;-5/6,25/61;36/61,exact
kurtosis_tail,"{""kappa"": ""2"", ""t"": ""3/2""}",3/2;-2/3,4/13;9/13,exact
kurtosis_tail,"{""kappa"": ""2"", ""t"": ""2""}",2;sqrt(6)/3;-sqrt(6)/3,1/10;9/20 - sqrt(6)/20;sqrt(6)/20 + 9/20,exact
kurtosis_tail,"{""kappa"": ""2"", ""t"": ""3""}",3;sqrt(14)/4;-sqrt(14)/4,1/65;32/65 - 3*sqrt(14)/455;3*sqrt(14)/455 + 32/65,exact
kurtosis_tail,"{""kappa"": ""2"", ""t"": ""4""}",4;sqrt(210)/15;-sqrt(210)/15,1/226;225/452 - sqrt(210)/1582;sqrt(210)/1582 + 225/452,exact
kurtosis_tail,"{""kappa"": ""3"", ""t"": ""1/2""}","{""event"": [0.789626515, 0.406026575, 0.216357614, 0.124059124, 0.080927816], ""support"": [0.210373485, -0.406026575, 0.783642386, -1.51245122, 2.919072184]}",,split-moments
kurtosis_tail,"{""kappa"": ""3"", ""t"": ""4/5""}",4/5;-5/4,25/41;16/41,exact
kurtosis_tail,"{""kappa"": ""3"", ""t"": ""1""}",1;-1,1/2;1/2,exact
kurtosis_tail,"{""kappa"": ""3"", ""t"": ""6/5""}",6/5;-5/6,25/61;36/61,exact
kurtosis_tail,"{""kappa"": ""3"", ""t"": ""3/2""}",3/2;-2/3,4/13;9/13,exact
kurtosis_tail,"{""kappa"": ""3"", ""t"": ""2""}",2;sqrt(3)/3;-sqrt(3)/3,2/11;9/22 - 2*sqrt(3)/11;2*sqrt(3)/11 + 9/22,exact
kurtosis_tail,"{""kappa"": ""3"", ""t"": ""3""}",3;sqrt(3)/2;-sqrt(3)/2,1/33;16/33 - sqrt(3)/33;sqrt(3)/33 + 16/33,exact
kurtosis_tail,"{""kappa"": ""3"", ""t"": ""4""}",4;sqrt(195)/15;-sqrt(195)/15,2/227;225/454 - 4*sqrt(195)/2951;4*sqrt(195)/2951 + 225/454,exact
kurtosis_tail,"{""kappa"": ""6"", ""t"": ""1/2""}",1/2;-2,4/5;1/5,exact
kurtosis_tail,"{""kappa"": ""6"", ""t"": ""4/5""}",4/5;-5/4,25/41;16/41,exact
kurtosis_tail,"{""kappa"": ""6"", ""t"": ""1""}",1;-1,1/2;1/2,exact
kurtosis_tail,"{""kappa"": ""6"", ""t"": ""6/5""}",6/5;-5/6,25/61;36/61,exact
kurtosis_tail,"{""kappa"": ""6"", ""t"": ""3/2""}",3/2;-2/3,4/13;9/13,exact
kurtosis_tail,"{""kappa"": ""6"", ""t"": ""2""}",2;-1/2,1/5;4/5,exact
kurtosis_tail,"{""kappa"": ""6"", ""t"": ""3""}",3;sqrt(6)/4;-sqrt(6)/4,5/69;32/69 - 5*sqrt(6)/69;5*sqrt(6)/69 + 32/69,exact
kurtosis_tail,"{""kappa"": ""6"", ""t"": ""4""}",4;sqrt(6)/3;-sqrt(6)/3,1/46;45/92 - sqrt(6)/46;sqrt(6)/46 + 45/92,exact
kurtosis_tail,"{""kappa"": ""9"", ""t"": ""1/2""}",1/2;-2,4/5;1/5,exact
kurtosis_tail,"{""kappa"": ""9"", ""t"": ""4/5""}",4/5;-5/4,25/41;16/41,exact
kurtosis_tail,"{""kappa"": ""9"", ""t"": ""1""}",1;-1,1/2;1/2,exact
kurtosis_tail,"{""kappa"": ""9"", ""t"": ""6/5""}",6/5;-5/6,25/61;36/61,exact
kurtosis_tail,"{""kappa"": ""9"", ""t"": ""3/2""}",3/2;-2/3,4/13;9/13,exact
kurtosis_tail,"{""kappa"": ""9"", ""t"": ""2""}",2;-1/2,1/5;4/5,exact
kurtosis_tail,"{""kappa"": ""9"", ""t"": ""3""}",3;-1/3,1/10;9/10,exact
kurtosis_tail,"{""kappa"": ""9"", ""t"": ""4""}",4;sqrt(105)/15;-sqrt(105)/15,8/233;225/466 - 16*sqrt(105)/1631;16*sqrt(105)/1631 + 225/466,exact
skew_kurtosis_tail,"{""gamma"": ""-1"", ""kappa"": ""2"", ""t"": ""1""}","{""event"": [0.0, 0.0, 0.0, 0.0, 0.0], ""support"": [1.0, -0.0, 1.0, -1.0, 2.0]}",,split-moments
skew_kurtosis_tail,"{""gamma"": ""-1"", ""kappa"": ""2"", ""t"": ""3/2""}","{""event"": [0.0, 0.0, -0.0, -0.0, -0.0], ""support"": [1.0, -0.0, 1.0, -1.0, 2.0]}",,split-moments
skew_kurtosis_tail,"{""gamma"": ""-1"", ""kappa"": ""2"", ""t"": ""2""}","{""event"": [0.0, -0.0, -0.0, -0.0, -0.0], ""support"": [1.0, 0.0, 1.0, -1.0, 2.0]}",,split-moments
skew_kurtosis_tail,"{""gamma"": ""-1"", ""kappa"": ""2"", ""t"": ""3""}","{""event"": [0.0, -0.0, -0.0, -0.0, -0.0], ""support"": [1.0, 0.0, 1.0, -1.0, 2.0]}",,split-moments
skew_kurtosis_tail,"{""gamma"": ""-1"", ""kappa"": ""3"", ""t"": ""1""}","{""event"": [0.333333333, 0.333333333, 0.333333333, 0.333333333, 0.333333333], ""support"": [0.666666667, -0.333333333, 0.666666667, -1.333333333, 2.666666666]}",,split-moments
skew_kurtosis_tail,"{""gamma"": ""-1"", ""kappa"": ""3"", ""t"": ""3/2""}","{""event"": [0.092485549, 0.138728324, 0.208092486, 0.312138728, 0.468208092], ""support"": [0.907514451, -0.138728324, 0.791907514, -1.312138728, 2.531791907]}",,split-moments
skew_kurtosis_tail,"{""gamma"": ""-1"", ""kappa"": ""3"", ""t"": ""2""}","{""event"": [0.033333333, 0.066666667, 0.133333333, 0.266666667, 0.533333333], ""support"": [0.966666667, -0.066666667, 0.866666667, -1.266666667, 2.466666667]}",,split-moments
skew_kurtosis_tail,"{""gamma"": ""-1"", ""kappa"": ""3"", ""t"": ""3""}","{""event"": [0.007633588, 0.022900763, 0.06870229, 0.20610687, 0.618320611], ""support"": [0.992366412, -0.022900763, 0.93129771, -1.20610687, 2.381679389]}",,split-moments
skew_kurtosis_tail,"{""gamma"": ""-1"", ""kappa"": ""6"", ""t"": ""1""}","{""event"": [0.444444444, 0.444444444, 0.444444444, 0.444444444, 0.444444445], ""support"": [0.555555556, -0.444444444, 0.555555556, -1.444444444, 5.555555555]}",,split-moments
skew_kurtosis_tail,"{""gamma"": ""-1"", ""kappa"": ""6"", ""t"": ""3/2""}","{""event"": [0.194528875, 0.291793313, 0.43768997, 0.656534954, 0.984802432], ""support"": [0.805471125, -0.291793313, 0.56231003, -1.656534954, 5.015197568]}",,split-moments
skew_kurtosis_tail,"{""gamma"": ""-1"", ""kappa"": ""6"", ""t"": ""2""}","{""event"": [0.088888889, 0.177777778, 0.355555556, 0.711111111, 1.422222222], ""support"": [0.911111111, -0.177777778, 0.644444444, -1.711111111, 4.577777777]}",,split-moments
skew_kurtosis_tail,"{""gamma"": ""-1"", ""kappa"": ""6"", ""t"": ""3""}","{""event"": [0.02484472, 0.074534161, 0.223602484, 0.670807453, 2.01242236], ""support"": [0.97515528, -0.074534161, 0.776397516, -1.670807453, 3.987577639]}",,split-moments
skew_kurtosis_tail,"{""gamma"": ""-1/2"", ""kappa"": ""2"", ""t"": ""1""}","{""event"": [0.428571429, 0.428571429, 0.428571429, 0.428571429, 0.428571429], ""support"": [0.571428571, -0.428571429, 0.571428571, -0.928571429, 1.571428571]}",,split-moments
skew_kurtosis_tail,"{""gamma"": ""-1/2"", ""kappa"": ""2"", ""t"": ""3/2""}","{""event"": [0.116504854, 0.174757282, 0.262135922, 0.393203883, 0.589805825], ""support"": [0.883495146, -0.174757282, 0.737864078, -0.893203883, 1.410194175]}",,split-moments
skew_kurtosis_tail,"{""gamma"": ""-1/2"", ""kappa"": ""2"", ""t"": ""2""}","{""event"": [0.037974684, 0.075949367, 0.151898734, 0.303797468, 0.607594937], ""support"": [0.962025316, -0.075949367, 0.848101266, -0.803797468, 1.392405063]}",,split-moments
skew_kurtosis_tail,"{""gamma"": ""-1/2"", ""kappa"": ""2"", ""t"": ""3""}","{""event"": [0.007672634, 0.023017903, 0.069053708, 0.207161125, 0.621483376], ""support"": [0.992327366, -0.023017903, 0.930946292, -0.707161125, 1.378516624]}",,split-moments
skew_kurtosis_tail,"{""gamma"": ""-1/2"", ""kappa"": ""3"", ""t"": ""1""}","{""event"": [0.466666667, 0.466666667, 0.466666667, 0.466666667, 0.466666667], ""support"": [0.533333333, -0.466666667, 0.533333333, -0.966666667, 2.533333333]}",,split-moments
skew_kurtosis_tail,"{""gamma"": ""-1/2"", ""kappa"": ""3"", ""t"": ""3/2""}","{""event"": [0.180645161, 0.270967742, 0.406451613, 0.609677419, 0.914516129], ""support"": [0.819354839, -0.270967742, 0.593548387, -1.109677419, 2.085483871]}",,split-moments
skew_kurtosis_tail,"{""gamma"": ""-1/2"", ""kappa"": ""3"", ""t"": ""2""}","{""event"": [0.070707071, 0.141414141, 0.282828283, 0.565656566, 1.131313131], ""support"": [0.929292929, -0.141414141, 0.717171717, -1.065656566, 1.868686868]}",,split-moments
skew_kurtosis_tail,"{""gamma"": ""-1/2"", ""kappa"": ""3"", ""t"": ""3""}","{""event"": [0.016241299, 0.048723898, 0.146171694, 0.438515081, 1.315545244], ""support"": [0.983758701, -0.048723898, 0.853828306, -0.938515081, 1.684454756]}",,split-moments
skew_kurtosis_tail,"{""gamma"": ""-1/2"", ""kappa"": ""6"", ""t"": ""1""}","{""event"": [0.487179487, 0.487179487, 0.487179487, 0.487179487, 0.487179488], ""support"": [0.512820513, -0.487179487, 0.512820513, -0.987179487, 5.512820511]}",,split-moments
skew_kurtosis_tail,"{""gamma"": ""-1/2"", ""kappa"": ""6"", ""t"": ""3/2""}","{""event"": [0.24437299, 0.366559486, 0.549839228, 0.824758842, 1.237138264], ""support"": [0.75562701, -0.366559486, 0.450160772, -1.324758842, 4.762861736]}",,split-moments
skew_kurtosis_tail,"{""gamma"": ""-1/2"", ""kappa"": ""6"", ""t"": ""2""}","{""event"": [0.119496855, 0.238993711, 0.477987421, 0.955974843, 1.911949686], ""support"": [0.880503145, -0.238993711, 0.522012579, -1.455974843, 4.088050312]}",,split-moments
skew_kurtosis_tail,"{""gamma"": ""-1/2"", ""kappa"": ""6"", ""t"": ""3""}","{""event"": [0.034482759, 0.103448276, 0.310344827, 0.931034482, 2.793103449], ""support"": [0.965517241, -0.103448276, 0.689655173, -1.431034482, 3.20689655]}",,split-moments
skew_kurtosis_tail,"{""gamma"": ""0"", ""kappa"": ""2"", ""t"": ""1""}","{""event"": [0.5, 0.5, 0.5, 0.500001864, 0.856608857], ""support"": [0.5, -0.5, 0.5, -0.500001864, 0.97938478]}",,split-moments
skew_kurtosis_tail,"{""gamma"": ""0"", ""kappa"": ""2"", ""t"": ""3/2""}","{""event"": [0.207792208, 0.311688312, 0.467532468, 0.701298701, 1.051948052], ""support"": [0.792207792, -0.311688312, 0.532467532, -0.701298701, 0.948051948]}",,split-moments
skew_kurtosis_tail,"{""gamma"": ""0"", ""kappa"": ""2"", ""t"": ""2""}","{""event"": [0.071428571, 0.142857143, 0.285714286, 0.571428571, 1.142857143], ""support"": [0.928571429, -0.142857143, 0.714285714, -0.571428571, 0.857142857]}",,split-moments
skew_kurtosis_tail,"{""gamma"": ""0"", ""kappa"": ""2"", ""t"": ""3""}","{""event"": [0.013513514, 0.040540541, 0.121621622, 0.364864865, 1.094594595], ""support"": [0.986486486, -0.040540541, 0.878378378, -0.364864865, 0.905405405]}",,split-moments
skew_kurtosis_tail,"{""gamma"": ""0"", ""kappa"": ""3"", ""t"": ""1""}","{""event"": [0.5, 0.5, 0.5, 0.50000367, 1.363839381], ""support"": [0.5, -0.5, 0.5, -0.50000367, 1.318360492]}",,split-moments
skew_kurtosis_tail,"{""gamma"": ""0"", ""kappa"": ""3"", ""t"": ""3/2""}","{""event"": [0.248062016, 0.372093023, 0.558139535, 0.837209302, 1.255813953], ""support"": [0.751937984, -0.372093023, 0.441860465, -0.837209302, 1.744186046]}",,split-moments
skew_kurtosis_tail,"{""gamma"": ""0"", ""kappa"": ""3"", ""t"": ""2""}","{""event"": [0.105263158, 0.210526316, 0.421052632, 0.842105263, 1.684210526], ""support"": [0.894736842, -0.210526316, 0.578947368, -0.842105263, 1.315789474]}",,split-moments
skew_kurtosis_tail,"{""gamma"": ""0"", ""kappa"": ""3"", ""t"": ""3""}","{""event"": [0.023809524, 0.071428571, 0.214285714, 0.642857143, 1.928571429], ""support"": [0.976190476, -0.071428571, 0.785714286, -0.642857143, 1.071428571]}",,split-moments
skew_kurtosis_tail,"{""gamma"": ""0"", ""kappa"": ""6"", ""t"": ""1""}","{""event"": [0.5, 0.5, 0.5, 0.500004833, 2.728541618], ""support"": [0.5, -0.5, 0.5, -0.500004833, 1.994444492]}",,split-moments
skew_kurtosis_tail,"{""gamma"": ""0"", ""kappa"": ""6"", ""t"": ""3/2""}","{""event"": [0.280701754, 0.421052632, 0.631578947, 0.947368421, 1.421052632], ""support"": [0.719298246, -0.421052632, 0.368421053, -0.947368421, 4.578947367]}",,split-moments
skew_kurtosis_tail,"{""gamma"": ""0"", ""kappa"": ""6"", ""t"": ""2""}","{""event"": [0.147058824, 0.294117647, 0.588235294, 1.176470588, 2.352941177], ""support"": [0.852941176, -0.294117647, 0.411764706, -1.176470588, 3.647058823]}",,split-moments
skew_kurtosis_tail,"{""gamma"": ""0"", ""kappa"": ""6"", ""t"": ""3""}","{""event"": [0.043859649, 0.131578947, 0.394736842, 1.184210526, 3.552631579], ""support"": [0.956140351, -0.131578947, 0.605263158, -1.184210526, 2.447368421]}",,split-moments
skew_kurtosis_tail,"{""gamma"": ""1/2"", ""kappa"": ""2"", ""t"": ""1""}","{""event"": [0.447024472, 0.481546956, 0.580655093, 0.865177577, 1.681992887], ""support"": [0.552975528, -0.481546956, 0.419344907, -0.365177577, 0.318007113]}",,split-moments
skew_kurtosis_tail,"{""gamma"": ""1/2"", ""kappa"": ""2"", ""t"": ""3/2""}","{""event"": [0.279069767, 0.418604651, 0.627906977, 0.941860465, 1.412790698], ""support"": [0.720930233, -0.418604651, 0.372093023, -0.441860465, 0.587209302]}",,split-moments
skew_kurtosis_tail,"{""gamma"": ""1/2"", ""kappa"": ""2"", ""t"": ""2""}","{""event"": [0.096774194, 0.193548387, 0.387096774, 0.774193548, 1.548387097], ""support"": [0.903225806, -0.193548387, 0.612903226, -0.274193548, 0.451612903]}",,split-moments
skew_kurtosis_tail,"{""gamma"": ""1/2"", ""kappa"": ""2"", ""t"": ""3""}","{""event"": [0.015075377, 0.045226131, 0.135678392, 0.407035176, 1.221105528], ""support"": [0.984924623, -0.045226131, 0.864321608, 0.092964824, 0.778894472]}",,split-moments
skew_kurtosis_tail,"{""gamma"": ""1/2"", ""kappa"": ""3"", ""t"": ""1""}","{""event"": [0.470368836, 0.484864592, 0.556118129, 0.906363177, 2.627984286], ""support"": [0.529631164, -0.484864592, 0.443881871, -0.406363177, 0.372015714]}",,split-moments
skew_kurtosis_tail,"{""gamma"": ""1/2"", ""kappa"": ""3"", ""t"": ""3/2""}","{""event"": [0.294736842, 0.442105263, 0.663157895, 0.994736842, 1.492105263], ""support"": [0.705263158, -0.442105263, 0.336842105, -0.494736842, 1.507894737]}",,split-moments
skew_kurtosis_tail,"{""gamma"": ""1/2"", ""kappa"": ""3"", ""t"": ""2""}","{""event"": [0.137254902, 0.274509804, 0.549019608, 1.098039216, 2.196078431], ""support"": [0.862745098, -0.274509804, 0.450980392, -0.598039216, 0.803921569]}",,split-moments
skew_kurtosis_tail,"{""gamma"": ""1/2"", ""kappa"": ""3"", ""t"": ""3""}","{""event"": [0.029288703, 0.087866109, 0.263598326, 0.790794979, 2.372384937], ""support"": [0.970711297, -0.087866109, 0.736401674, -0.290794979, 0.627615063]}",,split-moments
skew_kurtosis_tail,"{""gamma"": ""1/2"", ""kappa"": ""6"", ""t"": ""1""}","{""event"": [0.487531842, 0.491040657, 0.52949091, 0.950835995, 5.568014502], ""support"": [0.512468158, -0.491040657, 0.47050909, -0.450835995, 0.431985495]}",,split-moments
skew_kurtosis_tail,"{""gamma"": ""1/2"", ""kappa"": ""6"", ""t"": ""3/2""}","{""event"": [0.302788845, 0.454183267, 0.6812749, 1.021912351, 1.532868532], ""support"": [0.697211155, -0.454183267, 0.3187251, -0.521912351, 4.467131464]}",,split-moments
skew_kurtosis_tail,"{""gamma"": ""1/2"", ""kappa"": ""6"", ""t"": ""2""}","{""event"": [0.171171171, 0.342342342, 0.684684685, 1.369369369, 2.738738739], ""support"": [0.828828829, -0.342342342, 0.315315315, -0.869369369, 3.261261261]}",,split-moments
skew_kurtosis_tail,"{""gamma"": ""1/2"", ""kappa"": ""6"", ""t"": ""3""}","{""event"": [0.052924791, 0.158774373, 0.47632312, 1.428969359, 4.286908078], ""support"": [0.947075209, -0.158774373, 0.52367688, -0.928969359, 1.713091922]}",,split-moments
skew_kurtosis_tail,"{""gamma"": ""1"", ""kappa"": ""2"", ""t"": ""1""}","{""event"": [0.276393202, 0.447213595, 0.723606798, 1.170820393, 1.894427191], ""support"": [0.723606798, -0.447213596, 0.276393202, -0.170820393, 0.105572809]}",,split-moments
skew_kurtosis_tail,"{""gamma"": ""1"", ""kappa"": ""2"", ""t"": ""3/2""}","{""event"": [0.276393202, 0.447213596, 0.723606798, 1.170820393, 1.894427191], ""support"": [0.723606798, -0.447213596, 0.276393202, -0.170820393, 0.105572809]}",,split-moments
skew_kurtosis_tail,"{""gamma"": ""1"", ""kappa"": ""2"", ""t"": ""2""}","{""event"": [0.0, 0.0, 0.0, 0.0, 0.0], ""support"": [1.0, -0.0, 1.0, 1.0, 2.0]}",,split-moments
skew_kurtosis_tail,"{""gamma"": ""1"", ""kappa"": ""2"", ""t"": ""3""}","{""event"": [0.0, 0.0, 0.0, 0.0, 0.0], ""support"": [1.0, -0.0, 1.0, 1.0, 2.0]}",,split-moments
skew_kurtosis_tail,"{""gamma"": ""1"", ""kappa"": ""3"", ""t"": ""1""}","{""event"": [0.377991532, 0.455341801, 0.666666667, 1.244016936, 2.821367205], ""support"": [0.622008468, -0.455341801, 0.333333333, -0.244016936, 0.178632795]}",,split-moments
skew_kurtosis_tail,"{""gamma"": ""1"", ""kappa"": ""3"", ""t"": ""3/2""}","{""event"": [0.302278709, 0.455829645, 0.702201054, 1.194555604, 2.872894497], ""support"": [0.697721291, -0.455829645, 0.297798946, -0.194555604, 0.127105503]}",,split-moments
skew_kurtosis_tail,"{""gamma"": ""1"", ""kappa"": ""3"", ""t"": ""2""}","{""event"": [0.166666667, 0.333333333, 0.666666667, 1.333333333, 2.666666667], ""support"": [0.833333333, -0.333333333, 0.333333333, -0.333333333, 0.333333333]}",,split-moments
skew_kurtosis_tail,"{""gamma"": ""1"", ""kappa"": ""3"", ""t"": ""3""}","{""event"": [0.028571429, 0.085714286, 0.257142857, 0.771428571, 2.314285714], ""support"": [0.971428571, -0.085714286, 0.742857143, 0.228571429, 0.685714286]}",,split-moments
skew_kurtosis_tail,"{""gamma"": ""1"", ""kappa"": ""6"", ""t"": ""1""}","{""event"": [0.448925025, 0.47067422, 0.597996223, 1.343352216, 5.706742195], ""support"": [0.551074975, -0.47067422, 0.402003777, -0.343352216, 0.293257805]}",,split-moments
skew_kurtosis_tail,"{""gamma"": ""1"", ""kappa"": ""6"", ""t"": ""3/2""}","{""event"": [0.306230048, 0.459585533, 0.695549133, 1.201682398, 5.866395225], ""support"": [0.693769952, -0.459585533, 0.304450867, -0.201682398, 0.13360477]}",,split-moments
skew_kurtosis_tail,"{""gamma"": ""1"", ""kappa"": ""6"", ""t"": ""2""}","{""event"": [0.19047619, 0.380952381, 0.761904762, 1.523809524, 3.047619049], ""support"": [0.80952381, -0.380952381, 0.238095238, -0.523809524, 2.95238095]}",,split-moments
skew_kurtosis_tail,"{""gamma"": ""1"", ""kappa"": ""6"", ""t"": ""3""}","{""event"": [0.061538462, 0.184615385, 0.553846154, 1.661538462, 4.984615385], ""support"": [0.938461538, -0.184615385, 0.446153846, -0.661538462, 1.015384615]}",,split-moments
